<?xml version="1.0" encoding="UTF-8"?>
<metadata xml:lang="en"><Esri><CreaDate>20210916</CreaDate><CreaTime>16165800</CreaTime><ArcGISFormat>1.0</ArcGISFormat><SyncOnce>TRUE</SyncOnce><DataProperties><lineage><Process ToolSource="c:\program files (x86)\arcgis\desktop10.8\ArcToolbox\Toolboxes\Data Management Tools.tbx\Dissolve" Date="20210811" Time="103905">Dissolve "Census 2020 Block Groups" "T:\DCGIS_Administration\CITYWIDE\CENSUS_Misc\2020 Census vs other bndries\Census_neighb_boundaries.gdb\Neighborhoods_BG20" BlockGr2020_ctr_neighb.Name # MULTI_PART DISSOLVE_LINES</Process></lineage></DataProperties></Esri></metadata>
